Video,Direccion,Fecha Subida
What Is Data Scraping And How Can You Use It? | Target ...,https://www.targetinternet.com/what-is-data-scraping-and-how-can-you-use-it/,13 sept 2017 · Subido por Lucy Provost
What is data scraping? - YouTube,https://www.youtube.com/watch?v=COeMzrSYgvw,30 oct 2020 · Subido por The Hindu
¿Qué es el Web Scraping y Por Qué es Importante? | Octoparse,https://www.octoparse.es/blog/por-que-web-scraping-es-importante,25 mar 2020 · Subido por Octoparse
10 Malentendidos sobre El Web Scraping Técnicas | Octoparse,https://www.octoparse.es/blog/10-malentendidos-sobre-el-web-scraping,1 jun 2020 · Subido por Octoparse
Top 30 Free Web Scraping Software in 2020 | Octoparse,https://www.octoparse.com/blog/top-30-free-web-scraping-software,19 may 2020 · Subido por Octoparse
20 best web scraping tools for 2020 - ScrapingBee,https://www.scrapingbee.com/blog/web-scraping-tools/,19 feb 2020 · Subido por Web Scraper
Perspectiva de Datos: 54 Industrias que Usan Web Scraping ...,https://www.octoparse.es/blog/perspectiva-de-datos-54-industrias-que-usan-web-scraping,14 jun 2020 · Subido por Octoparse
Best Data Scraping Tools for 2020 (Top 10 Reviews) | Octoparse,https://www.octoparse.com/blog/best-data-scraping-tools-for-2019-top-10-reviews,3 jun 2019 · Subido por Octoparse
Best Data Scraping Tools for 2020 (Top 10 Reviews) | by ...,https://medium.com/datadriveninvestor/best-data-scraping-tools-for-2019-top-10-reviews-4a686061a184,6 may 2019 · Subido por Octoparse
Web Scraping y extracción de información automatizados,https://www.helpsystems.com/es/productos/automate/web-scraping-y-extraccion-de-informacion,28 ago 2019
Data Scraping for SEO & Analytics - Tutorial - Optimize Smart,https://www.optimizesmart.com/data-scraping-guide-for-seo/,7 oct 2011 · Subido por Garrett French CL
Las 15 Preguntas de Web Scraping más Frecuentes | Octoparse,http://www.octoparse.es/blog/15-preguntas-frecuentes-sobre-web-scraping,17 jun 2020 · Subido por Octoparse
"Diferencias entre Scraping, Crawling y Parsing | OpenWebinars",https://openwebinars.net/blog/diferencias-entre-scraping-crawling-y-parsing/,23 jun 2019
What is DATA SCRAPING? - YouTube,https://www.youtube.com/watch?v=omTtMylcWOI,21 sept 2017 · Subido por The Audiopedia
Web Scraping: el gran aliado de Big Data - 7Puentes ´s Blog,http://www.7puentes.com/blog/2018/04/09/web-scraping-el-gran-aliado-de-big-data/,9 abr 2018 · Subido por 7Puentes
5 Best Web Scraping Tools in 2020! - YouTube,https://www.youtube.com/watch?v=QbkXCkcmHJI,8 abr 2019 · Subido por Octoparse
Web Data Extraction Automation - UiPath,https://www.uipath.com/developers/video-tutorials/web-data-extraction-automation,16 nov 2020 · Subido por UiPath
CURSO DE WEB SCRAPING: EXTRACCIÓN DE ... - YouTube,https://www.youtube.com/watch?v=WrmE9Ak_cXE,20 jun 2019 · Subido por OpenWebinars
What is Web Scraping and How Does Web Crawling Work?,https://www.scrapinghub.com/what-is-web-scraping/,17 nov 2020 · Subido por Scrapinghub
Web scraping para principiantes - Sara Rodríguez ... - YouTube,https://www.youtube.com/watch?v=zoYEKL3-Gq0,8 nov 2018 · Subido por Autentia
What is Web Scraping and What is it Used For? | ParseHub,https://www.parsehub.com/blog/what-is-web-scraping/,6 ago 2019 · Subido por ParseHub
Cómo hacer Web Scraping con Python Tutorial ... - YouTube,https://www.youtube.com/watch?v=NCfmEcyqgao,20 jun 2019 · Subido por OpenWebinars
ImportFromWeb | Easy Web Scraping - Google Workspace ...,https://gsuite.google.com/marketplace/app/importfromweb_easy_web_scraping/278587576794,5 feb 2020 · Subido por NoDataNoBusiness
Web Scraping Software - UiPath,https://www.uipath.com/solutions/technology/web-scraping-software,16 nov 2020 · Subido por UiPath
Qué es y por qué usar el Web Scraping Tutorial en ... - YouTube,https://www.youtube.com/watch?v=2XiLA_dEteQ,17 jun 2019 · Subido por OpenWebinars
Examples of Businesses Who Use Data Scraping | Octoparse,https://www.octoparse.com/blog/examples-of-who-use-data-scraping,2 mar 2020 · Subido por Octoparse
Web Scraping vs. Data API Scraping - YouTube,https://www.youtube.com/watch?v=zj7pXM9gE5M,31 may 2020 · Subido por Stevesie Data
Screen Scraping Any Desktop Application - UiPath,https://www.uipath.com/developers/video-tutorials/screen-scraping-desktop-application,16 nov 2020 · Subido por UiPath
ImportFromWeb | Easy Web Scraping - Google Workspace ...,https://workspace.google.com/marketplace/app/importfromweb_easy_web_scraping/278587576794,5 feb 2020 · Subido por NoDataNoBusiness
WHAT IS DATA SCRAPING AND HOW CAN YOU USE IT?,https://www.linkedin.com/pulse/what-data-scraping-how-can-you-use-daniel-rowles,21 nov 2017 · Subido por Lucy Provost
Introducción al Web Scraping | Web Scraping ... - YouTube,https://www.youtube.com/watch?v=j2WF__eM-nE,5 ago 2016 · Subido por Leonardo Kuffo
Web Scraping Tool | Free Browser Extensions | Grepsr,https://www.grepsr.com/browser-extensions/,9 jun 2016
Soluciones inteligentes basadas en Big Data I Stradata,https://aml.stradata.co/descubre-que-es-el-web-scraping-y-cuales-son-sus-ventajas/,23 sept 2020
Web Scraper intro tutorial - YouTube,https://www.youtube.com/watch?v=n7fob_XVsbY,25 jun 2019 · Subido por Web Scraper
Top 5 Social Media Scraping Tools for 2020 | Octoparse,https://www.octoparse.com/blog/top-5-social-media-scraping-tools-for-2018,17 oct 2018 · Subido por Octoparse
"Big Data: What Is Web Scraping, and Why Does It Matter ...",https://www.octoparse.com/blog/big-data-what-is-web-scraping-and-why-does-it-matter,24 feb 2020 · Subido por Octoparse
5 Top Tips for Data Scraping Using Selenium in Python | by ...,https://towardsdatascience.com/5-top-tips-for-data-scraping-using-selenium-d8b83804681c,9 ago 2020 · Subido por Stephen Fordham
Web Scraping Examples: How are Businesses Using Web ...,https://www.parsehub.com/blog/web-scraping-examples/,28 oct 2019 · Subido por ParseHub
Web Crawling vs Web Scraping: The Differences - Blog ...,https://oxylabs.io/blog/crawling-vs-scraping,hace 4 días · Subido por Oxylabs
Data Scraping | Gavagai,https://www.gavagai.io/solutions/scraping/,23 ene 2020 · Subido por Gavagai
Web Data Scraping Using Python - LinkedIn,https://www.linkedin.com/pulse/web-data-scraping-using-python-vamsi-cherukuri?articleId=6658927215557914624,23 abr 2020 · Subido por Reference Point Ltd
Watch | What is data scraping? - The Hindu,https://www.thehindu.com/sci-tech/technology/what-is-data-scraping/article32908610.ece,21 oct 2020
Data Scraping is Revolutionary - Rebellion Research,https://www.rebellionresearch.com/blog/data-scraping-is-revolutionary,10 abr 2020 · Subido por ParseHub
Web Scraping vs API: What's the Difference? | ParseHub,https://www.parsehub.com/blog/web-scraping-vs-api/,9 mar 2020 · Subido por ParseHub
Extract Data from any Website using Data Scraper - Easy Web ...,https://www.youtube.com/watch?v=B7yyemwCf7g,10 nov 2017 · Subido por ITfriend
Tutorial - How to Scrape Data from Websites with ... - YouTube,https://www.youtube.com/watch?v=Zrq5E0zagGw,4 dic 2019 · Subido por Derek Caelin
UiPath Data Scraping (Web Page to Excel) - Tutorial - YouTube,https://www.youtube.com/watch?v=vIAJvk4quqA,22 ene 2020 · Subido por Anders Jensen
Data Mining and Scraping - Digital Marketing Lesson - DMI,https://digitalmarketinginstitute.com/resources/lessons/analytics_data-mining-and-scraping_3hhd,26 jun 2020
Data Crawler - Herramienta de Web Scraping Gratis | Octoparse,http://www.octoparse.es/DataCrawler,14 nov 2017 · Subido por Octoparse
Simple Data Scraping with a Windows VM (on Mac ... - Medium,https://medium.com/@realtoughcandy/simple-data-scraping-with-a-windows-vm-on-mac-mozenda-web-scraper-4933b56277f0,23 mar 2019
Data Scraping In UiPath Rpa Example - YouTube,https://www.youtube.com/watch?v=WtyiwEVF2-w,30 may 2019 · Subido por KB Tutorials
Data Scraping Automation Webinar | HelpSystems,https://www.helpsystems.com/resources/on-demand-webinars/automate-data-scraping,24 feb 2017
Web Scraping y extracción de información - cmd体育网址,http://qtgardens.com/es/productos/automate/web-scraping-y-extraccion-de-informacion,28 ago 2019
UiPath - How to Data Scrape from a web page and ... - YouTube,https://www.youtube.com/watch?v=96ZfYM3z28w,4 abr 2020 · Subido por Anders Jensen
¿ Qué es el web scraping? Todo lo que necesitas saber,https://coobis.com/es/cooblog/que-es-el-web-scraping/,16 abr 2019 · Subido por Chema Gómez
Effective Data Scraping Tools to Use If You Can't Write Code ...,https://advdms.com/blog/effective-data-scraping-tools-to-use-if-you-cant-write-code/,23 dic 2019 · Subido por Advanced Digital Media Services
"Automate Data Extraction – Web Scraping, Screen ... - YouTube",https://www.youtube.com/watch?v=NwhG7e67sHo,20 jul 2016 · Subido por HelpSystems
Tidy web scraping in R — Tutorial and resources | by Keith ...,https://towardsdatascience.com/tidy-web-scraping-in-r-tutorial-and-resources-ac9f72b4fe47,28 jul 2019 · Subido por Yrrah0015
"Predicción de la producción del café colombiano, Data Scraping",https://www.youtube.com/watch?v=fzb54Uru8rQ,15 sept 2018 · Subido por Data Science Research Perú
How much does Web Scraping cost? | ParseHub,https://www.parsehub.com/blog/web-scraping-cost/,6 abr 2020 · Subido por ParseHub
Introduction to Scraping in Python | ITNEXT,https://itnext.io/introduction-to-scraping-in-python-with-beautifulsoup-and-requests-ab7b1c9bc113,1 nov 2020 · Subido por Ahmed Besbes
Web Scraping : Extract Any Data in 5 Minutes | by Jeevan ...,https://medium.com/@jeevanchavan143/web-scraping-extract-any-data-in-5-minutes-67c8ec01d704,1 may 2020 · Subido por jeevan chavan
3i Data Scraping - Web Scraping Services Company - Facebook,https://www.facebook.com/3idatascrapingservices/videos/data-scraping-services-india-web-scraping-services-3i-data-/207435362734291/,
Oxylabs - Ways data scraping helps businesses to become...,https://es-la.facebook.com/oxylabs.io/videos/ways-data-scraping-helps-businesses-to-become-more-data-driven%EF%B8%8F-competitor-analy/1045479465823962/,
Web Scraping vs Data Mining: What's the Difference ...,https://www.parsehub.com/blog/web-scraping-vs-data-mining/,2 mar 2020 · Subido por ParseHub
Is Web Scraping Easy? How to Scrape Data without Coding ...,https://www.parsehub.com/blog/web-scraping-easy/,10 feb 2020 · Subido por ParseHub
Cómo hacer Web Scraping con Python | OpenWebinars,https://openwebinars.net/blog/como-hacer-web-scraping-con-python/,20 jun 2019
¿Cómo ayuda el Web Scraping a mi Startup? - 7Puentes ´s Blog,http://www.7puentes.com/blog/2019/11/22/como-ayuda-el-web-scraping-a-mi-startup/,22 nov 2019 · Subido por 7Puentes
Web Scraping de empresas con Python y PowerBI - Data ...,https://datamanagement.es/2019/10/26/web-scraping-de-empresas-con-etl-en-python-y-powerbi/,26 oct 2019 · Subido por Francisco rodriguez alfaro
Data Scraping Services | F6S,https://www.f6s.com/datascrapingservices,8 ene 2017
Data Scraping to Excel - UiPath Tutorial for ... - YouTube,https://www.youtube.com/watch?v=kOPfG44-CBw,13 jul 2020 · Subido por Anders Jensen
The A-Z of Web Scraping in 2020 [A How-To Guide] - Dataflowkit,https://dataflowkit.com/blog/what-is-a-present-day-web-scraper/,7 jun 2020 · Subido por Dmitry Narizhnykh
How to Scrape Websites at Large Scale (2020 Guide ...,https://www.octoparse.com/blog/scrape-websites-at-large-scale,3 feb 2020 · Subido por Octoparse
Google I/O Extended Guatemala 2015: Data Scraping con ...,https://newmedia.ufm.edu/video/google-io-extended-guatemala-2015-data-scraping-con-google-docs-y-google-script/,28 may 2015
Web Scraping Tool to Extract Data from Websites - Agenty,https://www.agenty.com/products/scraping-agent/,30 oct 2019 · Subido por Agenty
NoCoding Data Scraper - instant web scraping - Microsoft ...,https://microsoftedge.microsoft.com/addons/detail/nocoding-data-scraper-i/daiklcgdelcbcmjepemiklfglodmofbm,30 ago 2020 · Subido por NoCoding Web Data Scraper -visualized web scraping
3 Most Practical Uses of eCommerce Data Scraping Tools ...,https://www.octoparse.com/blog/3-most-practical-uses-of-ecommerce-data-scraping-tools,21 sept 2020 · Subido por Octoparse
Intro to Web Scraping with Python and Beautiful Soup - YouTube,https://www.youtube.com/watch?v=XQgXKtPSzUI,7 ene 2017 · Subido por Data Science Dojo
Web Scraping tutorial - Extraer Página Web con el Botón ...,https://www.octoparse.es/blog/scraping-con-boton-cargar-mas,30 jun 2020 · Subido por Octoparse
Scraping Data from Website to Excel (Tutorial 2020) | Octoparse,https://www.octoparse.com/blog/scraping-data-from-website-to-excel,1 feb 2020 · Subido por Octoparse
Screen Scraping - UiPath,https://www.uipath.com/es/soluciones/segun-tecnologia/screen-scraping,29 oct 2018 · Subido por UiPath
10 Myths about Web Scraping [NEW] | Octoparse,https://www.octoparse.com/blog/10-myths-about-web-scraping,30 jul 2019 · Subido por Octoparse
Scraping Web a la pág de CompuTrabajo usando ... - YouTube,https://www.youtube.com/watch?v=0kz-JHM88vM,5 abr 2019 · Subido por Programación y más
difference between data scraping and screen ... - YouTube,https://www.youtube.com/watch?v=NNm4dUZwjOU,27 ago 2019 · Subido por Parthiban Rajendran
"How to Scrape Amazon Product Data for Free: Names, Pricing ...",https://www.parsehub.com/blog/scrape-amazon-product-data/,9 nov 2020 · Subido por ParseHub
Mejores Datos Scraping Herramientas (10 Reseñas ...,http://www.octoparse.es/blog/mejores-datos-scraping-herramientas-2020,7 may 2020 · Subido por Octoparse
Can you Make Money from Web Scraping? Of Course ...,https://www.parsehub.com/blog/web-scraping-money/,30 mar 2020 · Subido por ParseHub
Data Scraping and Visualizing using Instant Data Scraper ...,https://osintcurio.us/2020/04/15/data-scraping-and-visualizing-using-instant-data-scraper-viewdns-info-and-maltego/,15 abr 2020 · Subido por The OSINT Curious Project
How To Scrape Data From A Website Into Excel - YouTube,https://www.youtube.com/watch?v=YQbe20G0ZSM,6 ene 2018 · Subido por Md Al Amin
Tutorial 2 : Scraping data from website using Excel ... - YouTube,https://www.youtube.com/watch?v=WXHD7T0D4Pk,16 abr 2019 · Subido por Extreme Automation - Kamal Girdher
How to Scrape a Website that Requires Login | ParseHub,https://www.parsehub.com/blog/web-scrape-login/,20 ene 2020 · Subido por ParseHub
Seven tools for web scraping – To use for data journalism ...,https://www.notprovided.eu/7-tools-web-scraping-use-data-journalism-creating-insightful-content/,21 ene 2014
Automated data scraping from websites into Excel - YouTube,https://www.youtube.com/watch?v=qbOdUaf4yfI,3 nov 2012 · Subido por Dinesh Kumar Takyar
News from OpenRPA and Data Scraping to Excel ... - YouTube,https://www.youtube.com/watch?v=9E_jIxxITpQ,22 abr 2020 · Subido por Anders Jensen
Web Scraping | Scraping Hotel Data from Booking ... - YouTube,https://www.youtube.com/watch?v=Yekd__RwXfk,31 may 2019 · Subido por Octoparse
SSAC19: Data Scraping with Python 3 - YouTube,https://www.youtube.com/watch?v=9uILyHkR4cw,11 mar 2019 · Subido por 42 Analytics
LinkedIn Profile Scraper | Phantombuster,https://phantombuster.com/automations/linkedin/3112/linkedin-profile-scraper,27 nov 2020 · Subido por Phantombuster
15 Most Frequently Asked Questions about Web Scraping (Q&A),https://www.octoparse.com/blog/15-most-frequently-asked-questions-of-web-scraping,1 feb 2019 · Subido por Octoparse
How to Scrape Data from any Ecommerce Website | ParseHub,https://www.parsehub.com/blog/scrape-ecommerce-website/,3 jun 2020 · Subido por ParseHub
What is Web Scraping and Who is Using it? | Octoparse,https://www.octoparse.com/blog/what-is-web-scraping,27 ago 2018 · Subido por Octoparse
